date,region,product,units,revenue
2026-07-01,Norte,Café 500g,31,868000
2026-07-04,Sur,Miel,6,132000
2026-07-07,Centro,Chocolate,71,1065000
2026-07-10,Oriente,Panela,99,594000
2026-07-13,Norte,Café 500g,9,252000
2026-07-16,Sur,Miel,25,550000
2026-07-19,Centro,Chocolate,35,525000
2026-07-22,Oriente,Panela,7,42000
2026-07-25,Norte,Café 500g,12,336000
2026-07-28,Sur,Miel,117,2574000
2026-07-31,Centro,Chocolate,108,1620000
2026-08-03,Oriente,Panela,92,552000
2026-08-06,Norte,Café 500g,23,644000
2026-08-09,Sur,Miel,114,2508000
2026-08-12,Centro,Chocolate,93,1395000
2026-08-15,Oriente,Panela,52,312000
2026-08-18,Norte,Café 500g,35,980000
2026-08-21,Sur,Miel,19,418000
2026-08-24,Centro,Chocolate,48,720000
2026-08-27,Oriente,Panela,64,384000
2026-08-30,Norte,Café 500g,95,2660000
2026-09-02,Sur,Miel,50,1100000
2026-09-05,Centro,Chocolate,40,600000
2026-09-08,Oriente,Panela,55,330000
2026-09-11,Norte,Café 500g,38,1064000
2026-09-14,Sur,Miel,49,1078000
2026-09-17,Centro,Chocolate,34,510000
2026-09-20,Oriente,Panela,114,684000
2026-09-23,Norte,Café 500g,31,868000
2026-09-26,Sur,Miel,116,2552000
